<?xml version="1.0"?>
<Runs Version="1" Minor="0">
	<Run Id="synth_2" LaunchDir="D:/ecole/vhdl/calc/calc/Calculatrice.runs/synth_2" FlowId="Vivado_Synthesis" FromStepId="vivado" ToStepId="vivado"/>
	<Run Id="impl_2" LaunchDir="D:/ecole/vhdl/calc/calc/Calculatrice.runs/impl_2" FlowId="Vivado_Implementation" FromStepId="init_design" ToStepId="write_bitstream">
		<Parent Id="synth_2"/>
	</Run>
	<Parameters>
		<Parameter Name="runs.monitorLSFJobs" Val="true" Type="bool"/>
		<Parameter Name="runs.enableClusterConf" Val="true" Type="bool"/>
	</Parameters>
</Runs>

