<?xml version="1.0" encoding="UTF-8"?>
<GenRun Id="impl_1" LaunchPart="xc7k70tfbv676-1" LaunchTime="1673055230">
  <File Type="PA-TCL" Name="calculatrice.tcl"/>
  <File Type="BITSTR-BMM" Name="calculatrice_bd.bmm"/>
  <File Type="REPORTS-TCL" Name="calculatrice_reports.tcl"/>
  <File Type="OPT-DCP" Name="calculatrice_opt.dcp"/>
  <File Type="OPT-DRC" Name="calculatrice_drc_opted.rpt"/>
  <File Type="PLACE-PRE-SIMILARITY" Name="calculatrice_incremental_reuse_pre_placed.rpt"/>
  <File Type="OPT-HWDEF" Name="calculatrice.hwdef"/>
  <File Type="PWROPT-DCP" Name="calculatrice_pwropt.dcp"/>
  <File Type="PLACE-DCP" Name="calculatrice_placed.dcp"/>
  <File Type="POSTPLACE-PWROPT-DCP" Name="calculatrice_postplace_pwropt.dcp"/>
  <File Type="BG-BIN" Name="calculatrice.bin"/>
  <File Type="PHYSOPT-DCP" Name="calculatrice_physopt.dcp"/>
  <File Type="BITSTR-MSK" Name="calculatrice.msk"/>
  <File Type="ROUTE-ERROR-DCP" Name="calculatrice_routed_error.dcp"/>
  <File Type="ROUTE-DCP" Name="calculatrice_routed.dcp"/>
  <File Type="ROUTE-BLACKBOX-DCP" Name="calculatrice_routed_bb.dcp"/>
  <File Type="BITSTR-MMI" Name="calculatrice.mmi"/>
  <File Type="ROUTE-TIMING-PB" Name="calculatrice_timing_summary_routed.pb"/>
  <File Type="POSTROUTE-PHYSOPT-DCP" Name="calculatrice_postroute_physopt.dcp"/>
  <File Type="POSTROUTE-PHYSOPT-BLACKBOX-DCP" Name="calculatrice_postroute_physopt_bb.dcp"/>
  <File Type="BG-BIT" Name="calculatrice.bit"/>
  <File Type="BITSTR-RBT" Name="calculatrice.rbt"/>
  <File Type="BITSTR-NKY" Name="calculatrice.nky"/>
  <File Type="PDI-FILE" Name="calculatrice.pdi"/>
  <File Type="RCFI_FILE" Name="calculatrice.rcfi"/>
  <File Type="CFI_FILE" Name="calculatrice.cfi"/>
  <File Type="WBT-USG" Name="usage_statistics_webtalk.html"/>
  <File Type="RNPI_FILE" Name="calculatrice.rnpi"/>
  <File Type="NPI_FILE" Name="calculatrice.npi"/>
  <File Type="RBD_FILE" Name="calculatrice.rbd"/>
  <File Type="BITSTR-LTX" Name="calculatrice.ltx"/>
  <File Type="BITSTR-SYSDEF" Name="calculatrice.sysdef"/>
  <File Type="BG-BGN" Name="calculatrice.bgn"/>
  <File Type="BG-DRC" Name="calculatrice.drc"/>
  <File Type="RDI-RDI" Name="calculatrice.vdi"/>
  <FileSet Name="sources" Type="DesignSrcs" RelSrcDir="$PSRCDIR/sources_1">
    <Filter Type="Srcs"/>
    <File Path="$PSRCDIR/sources_1/imports/td3/Codeur.vhd">
      <FileInfo>
        <Attr Name="ImportPath" Val="$PPRDIR/../../td3/td3/td3.srcs/sources_1/imports/td3/Codeur.vhd"/>
        <Attr Name="ImportTime" Val="1666791437"/>
        <Attr Name="UsedIn" Val="synthesis"/>
        <Attr Name="UsedIn" Val="simulation"/>
      </FileInfo>
    </File>
    <File Path="$PSRCDIR/sources_1/imports/sources_1/imports/tp3corrige/Compt_2.vhd">
      <FileInfo>
        <Attr Name="ImportPath" Val="$PPRDIR/../../project_3/project_3.srcs/sources_1/imports/tp3corrige/Compt_2.vhd"/>
        <Attr Name="ImportTime" Val="1673052681"/>
        <Attr Name="UsedIn" Val="synthesis"/>
        <Attr Name="UsedIn" Val="simulation"/>
      </FileInfo>
    </File>
    <File Path="$PSRCDIR/sources_1/imports/sources_1/new/Decod_7_Seg.vhd">
      <FileInfo>
        <Attr Name="ImportPath" Val="$PPRDIR/../../project_3/project_3.srcs/sources_1/new/Decod_7_Seg.vhd"/>
        <Attr Name="ImportTime" Val="1673053462"/>
        <Attr Name="UsedIn" Val="synthesis"/>
        <Attr Name="UsedIn" Val="simulation"/>
      </FileInfo>
    </File>
    <File Path="$PSRCDIR/sources_1/new/Mux3v1.vhd">
      <FileInfo>
        <Attr Name="UsedIn" Val="synthesis"/>
        <Attr Name="UsedIn" Val="simulation"/>
      </FileInfo>
    </File>
    <File Path="$PSRCDIR/sources_1/new/MuxReg.vhd">
      <FileInfo>
        <Attr Name="UsedIn" Val="synthesis"/>
        <Attr Name="UsedIn" Val="simulation"/>
      </FileInfo>
    </File>
    <File Path="$PSRCDIR/sources_1/imports/new/Mux_1.vhd">
      <FileInfo>
        <Attr Name="ImportPath" Val="$PPRDIR/../../project_3/project_3.srcs/sources_1/new/Mux_1.vhd"/>
        <Attr Name="ImportTime" Val="1672181466"/>
        <Attr Name="UsedIn" Val="synthesis"/>
        <Attr Name="UsedIn" Val="simulation"/>
      </FileInfo>
    </File>
    <File Path="$PSRCDIR/sources_1/imports/new/Mux_2.vhd">
      <FileInfo>
        <Attr Name="ImportPath" Val="$PPRDIR/../../project_3/project_3.srcs/sources_1/new/Mux_2.vhd"/>
        <Attr Name="ImportTime" Val="1672182113"/>
        <Attr Name="UsedIn" Val="synthesis"/>
        <Attr Name="UsedIn" Val="simulation"/>
      </FileInfo>
    </File>
    <File Path="$PSRCDIR/sources_1/imports/new/Reg4.vhd">
      <FileInfo>
        <Attr Name="ImportPath" Val="$PPRDIR/../../project_3/project_3.srcs/sources_1/new/Reg4.vhd"/>
        <Attr Name="ImportTime" Val="1672182258"/>
        <Attr Name="UsedIn" Val="synthesis"/>
        <Attr Name="UsedIn" Val="simulation"/>
      </FileInfo>
    </File>
    <File Path="$PSRCDIR/sources_1/imports/new/Reg7.vhd">
      <FileInfo>
        <Attr Name="ImportPath" Val="$PPRDIR/../../project_3/project_3.srcs/sources_1/new/Reg7.vhd"/>
        <Attr Name="ImportTime" Val="1672182282"/>
        <Attr Name="UsedIn" Val="synthesis"/>
        <Attr Name="UsedIn" Val="simulation"/>
      </FileInfo>
    </File>
    <File Path="$PSRCDIR/sources_1/new/Regi4Univ.vhd">
      <FileInfo>
        <Attr Name="UsedIn" Val="synthesis"/>
        <Attr Name="UsedIn" Val="simulation"/>
      </FileInfo>
    </File>
    <File Path="$PSRCDIR/sources_1/new/RegistreUniv.vhd">
      <FileInfo>
        <Attr Name="UsedIn" Val="synthesis"/>
        <Attr Name="UsedIn" Val="simulation"/>
      </FileInfo>
    </File>
    <File Path="$PSRCDIR/sources_1/new/affichage.vhd">
      <FileInfo>
        <Attr Name="UsedIn" Val="synthesis"/>
        <Attr Name="UsedIn" Val="simulation"/>
      </FileInfo>
    </File>
    <File Path="$PSRCDIR/sources_1/new/commandes.vhd">
      <FileInfo>
        <Attr Name="UsedIn" Val="synthesis"/>
        <Attr Name="UsedIn" Val="simulation"/>
      </FileInfo>
    </File>
    <File Path="$PSRCDIR/sources_1/new/registre.vhd">
      <FileInfo>
        <Attr Name="UsedIn" Val="synthesis"/>
        <Attr Name="UsedIn" Val="simulation"/>
      </FileInfo>
    </File>
    <File Path="$PSRCDIR/sources_1/new/regiuniv.vhd">
      <FileInfo>
        <Attr Name="UsedIn" Val="synthesis"/>
        <Attr Name="UsedIn" Val="simulation"/>
      </FileInfo>
    </File>
    <File Path="$PSRCDIR/sources_1/new/stockage.vhd">
      <FileInfo>
        <Attr Name="UsedIn" Val="synthesis"/>
        <Attr Name="UsedIn" Val="simulation"/>
      </FileInfo>
    </File>
    <File Path="$PSRCDIR/sources_1/new/calculatrice.vhd">
      <FileInfo>
        <Attr Name="UsedIn" Val="synthesis"/>
        <Attr Name="UsedIn" Val="simulation"/>
      </FileInfo>
    </File>
    <File Path="$PSRCDIR/sources_1/imports/new/Compt_2.vhd">
      <FileInfo>
        <Attr Name="AutoDisabled" Val="1"/>
        <Attr Name="ImportPath" Val="$PPRDIR/../../project_3/project_3.srcs/sources_1/new/Compt_2.vhd"/>
        <Attr Name="ImportTime" Val="1672184903"/>
        <Attr Name="UsedIn" Val="synthesis"/>
        <Attr Name="UsedIn" Val="simulation"/>
      </FileInfo>
    </File>
    <File Path="$PSRCDIR/sources_1/imports/new/Decod_7_Seg.vhd">
      <FileInfo>
        <Attr Name="AutoDisabled" Val="1"/>
        <Attr Name="ImportPath" Val="$PPRDIR/../../project_3/project_3.srcs/sources_1/new/Decod_7_Seg.vhd"/>
        <Attr Name="ImportTime" Val="1672181649"/>
        <Attr Name="UsedIn" Val="synthesis"/>
        <Attr Name="UsedIn" Val="simulation"/>
      </FileInfo>
    </File>
    <File Path="$PSRCDIR/sources_1/new/calcul.vhd">
      <FileInfo>
        <Attr Name="AutoDisabled" Val="1"/>
        <Attr Name="UsedIn" Val="synthesis"/>
        <Attr Name="UsedIn" Val="simulation"/>
      </FileInfo>
    </File>
    <File Path="$PSRCDIR/sources_1/imports/new/Compt_1.vhd">
      <FileInfo>
        <Attr Name="AutoDisabled" Val="1"/>
        <Attr Name="ImportPath" Val="$PPRDIR/../../project_3/project_3.srcs/sources_1/new/Compt_1.vhd"/>
        <Attr Name="ImportTime" Val="1672185231"/>
        <Attr Name="UsedIn" Val="synthesis"/>
        <Attr Name="UsedIn" Val="simulation"/>
      </FileInfo>
    </File>
    <File Path="$PSRCDIR/sources_1/imports/new/Compt_Codage_BCD.vhd">
      <FileInfo>
        <Attr Name="AutoDisabled" Val="1"/>
        <Attr Name="ImportPath" Val="$PPRDIR/../../project_3/project_3.srcs/sources_1/new/Compt_Codage_BCD.vhd"/>
        <Attr Name="ImportTime" Val="1672182421"/>
        <Attr Name="UsedIn" Val="synthesis"/>
        <Attr Name="UsedIn" Val="simulation"/>
      </FileInfo>
    </File>
    <File Path="$PSRCDIR/sources_1/imports/new/Multiplieur.vhd">
      <FileInfo>
        <Attr Name="AutoDisabled" Val="1"/>
        <Attr Name="ImportPath" Val="$PPRDIR/../../project_TP_2/project_TP_2.srcs/sources_1/new/Multiplieur.vhd"/>
        <Attr Name="ImportTime" Val="1669627596"/>
        <Attr Name="UsedIn" Val="synthesis"/>
        <Attr Name="UsedIn" Val="simulation"/>
      </FileInfo>
    </File>
    <File Path="$PSRCDIR/sources_1/imports/new/Add.vhd">
      <FileInfo>
        <Attr Name="AutoDisabled" Val="1"/>
        <Attr Name="ImportPath" Val="$PPRDIR/../../project_TP_2/project_TP_2.srcs/sources_1/new/Add.vhd"/>
        <Attr Name="ImportTime" Val="1669627681"/>
        <Attr Name="UsedIn" Val="synthesis"/>
        <Attr Name="UsedIn" Val="simulation"/>
      </FileInfo>
    </File>
    <File Path="$PSRCDIR/sources_1/new/Subtract.vhd">
      <FileInfo>
        <Attr Name="AutoDisabled" Val="1"/>
        <Attr Name="UsedIn" Val="synthesis"/>
        <Attr Name="UsedIn" Val="simulation"/>
      </FileInfo>
    </File>
    <File Path="$PSRCDIR/sources_1/new/Addition.vhd">
      <FileInfo>
        <Attr Name="AutoDisabled" Val="1"/>
        <Attr Name="UsedIn" Val="synthesis"/>
        <Attr Name="UsedIn" Val="simulation"/>
      </FileInfo>
    </File>
    <File Path="$PSRCDIR/sources_1/new/BCDtoBIN.vhd">
      <FileInfo>
        <Attr Name="AutoDisabled" Val="1"/>
        <Attr Name="UsedIn" Val="synthesis"/>
        <Attr Name="UsedIn" Val="simulation"/>
      </FileInfo>
    </File>
    <File Path="$PSRCDIR/sources_1/new/BINtoBCD.vhd">
      <FileInfo>
        <Attr Name="AutoDisabled" Val="1"/>
        <Attr Name="UsedIn" Val="synthesis"/>
        <Attr Name="UsedIn" Val="simulation"/>
      </FileInfo>
    </File>
    <File Path="$PSRCDIR/sources_1/new/multiplierBCD.vhd">
      <FileInfo>
        <Attr Name="AutoDisabled" Val="1"/>
        <Attr Name="UsedIn" Val="synthesis"/>
        <Attr Name="UsedIn" Val="simulation"/>
      </FileInfo>
    </File>
    <File Path="$PSRCDIR/sources_1/imports/sources_1/imports/tp3corrige/diviseur.vhd">
      <FileInfo>
        <Attr Name="AutoDisabled" Val="1"/>
        <Attr Name="ImportPath" Val="$PPRDIR/../../project_3/project_3.srcs/sources_1/imports/tp3corrige/diviseur.vhd"/>
        <Attr Name="ImportTime" Val="1673052740"/>
        <Attr Name="UsedIn" Val="synthesis"/>
        <Attr Name="UsedIn" Val="simulation"/>
      </FileInfo>
    </File>
    <Config>
      <Option Name="DesignMode" Val="RTL"/>
      <Option Name="TopModule" Val="calculatrice"/>
      <Option Name="TopAutoSet" Val="TRUE"/>
    </Config>
  </FileSet>
  <FileSet Name="constrs_in" Type="Constrs" RelSrcDir="$PSRCDIR/constrs_1">
    <Filter Type="Constrs"/>
    <File Path="$PSRCDIR/constrs_1/imports/vhdl/Basys3_Master.xdc">
      <FileInfo>
        <Attr Name="ImportPath" Val="$PPRDIR/../../project_3/project_3.srcs/constrs_1/imports/vhdl/Basys3_Master.xdc"/>
        <Attr Name="ImportTime" Val="1673051703"/>
        <Attr Name="UsedIn" Val="synthesis"/>
        <Attr Name="UsedIn" Val="implementation"/>
      </FileInfo>
    </File>
    <Config>
      <Option Name="ConstrsType" Val="XDC"/>
    </Config>
  </FileSet>
  <FileSet Name="utils" Type="Utils" RelSrcDir="$PSRCDIR/utils_1">
    <Filter Type="Utils"/>
    <Config>
      <Option Name="TopAutoSet" Val="TRUE"/>
    </Config>
  </FileSet>
  <Strategy Version="1" Minor="2">
    <StratHandle Name="Vivado Implementation Defaults" Flow="Vivado Implementation 2019"/>
    <Step Id="init_design"/>
    <Step Id="opt_design"/>
    <Step Id="power_opt_design"/>
    <Step Id="place_design"/>
    <Step Id="post_place_power_opt_design"/>
    <Step Id="phys_opt_design" EnableStepBool="1"/>
    <Step Id="route_design"/>
    <Step Id="post_route_phys_opt_design"/>
    <Step Id="write_bitstream"/>
    <Step Id="write_device_image"/>
  </Strategy>
</GenRun>
